Model,MRR,Hits@10,Hits@3
RotatE,0.29093775153160095,0.6521739130434783,0.33695652173913043
ComplEx,0.2852898836135864,0.595108695652174,0.3179347826086957
TransE,0.0950922742486,0.16032608695652173,0.06521739130434782
DistMult,0.04078260064125061,0.09782608695652174,0.005434782608695652
